Year,HourlyVolatility
2016,0.5296607651481426
2017,0.5281841869099935
2018,0.7085183170935415
2019,1.070196957985806
